Workbook
Name _00시: #REF!
Name _shcnf: #REF!
Name _tt2: #REF!
Name \0: #REF!
Name \ADL_KID: #REF!
Name \c: #N/A
Name \d: #REF!
Name \i: #REF!
Name \KOBACO: #REF!
Name \m: #REF!
Name \p: #N/A
Name \q: #N/A
Name a: #REF!
Name All: #REF!
Name asd: #REF!
Name asdf: #REF!
Name ASDFASDFGASD: #REF!
Name bcrclcl100rt: '[1]9-1차이내역'!#REF!
Name bcrclcl100rtrkrk: '[1]9-1차이내역'!#REF!
Name BFX_BRANDFX: 60122
Name Channel: #REF!
Name CHINA: #REF!
Name conb1: [1]!conb1
Name conb10: [1]!conb10
Name conb100: [1]!conb100
Name conb101: [1]!conb101
Name conb102: [1]!conb102
Name conb103: [1]!conb103
Name conb104: [1]!conb104
Name conb105: [1]!conb105
Name conb106: [1]!conb106
Name conb107: [1]!conb107
Name conb108: [1]!conb108
Name conb109: [1]!conb109
Name conb11: [1]!conb11
Name conb110: [1]!conb110
Name conb111: [1]!conb111
Name conb112: [1]!conb112
Name conb113: [1]!conb113
Name conb114: [1]!conb114
Name conb115: [1]!conb115
Name conb116: [1]!conb116
Name conb117: [1]!conb117
Name conb118: [1]!conb118
Name conb119: [1]!conb119
Name conb12: [1]!conb12
Name conb120: [1]!conb120
Name conb121: [1]!conb121
Name conb13: [1]!conb13
Name conb14: [1]!conb14
Name conb15: [1]!conb15
Name conb16: [1]!conb16
Name conb17: [1]!conb17
Name conb18: [1]!conb18
Name conb19: [1]!conb19
Name conb2: [1]!conb2
Name conb20: [1]!conb20
Name conb200: [1]!conb88
Name conb21: [1]!conb21
Name conb22: [1]!conb22

Sheet DAILY
A1: 상담일자 | B1: Dnis | C1: Channel | D1: 소재 | E1: 광고비 | F1: 광고횟수 | G1: I/B콜수 | H1: 응대호 | I1: 정기건수 | J1: 정기금액 | K1: 일시건수 | L1: 일시금액 | M1: 응대율 | N1: 콜전환율 | O1: 정기전환율 | P1: CPR | Q1: ROI
A2: 46023 | B2: 1899-0218 | C2: EBS | D2: 식사지원 은영이ver2 | E2: 1420261.1 | F2: 3 | G2: 17 | H2: 12 | I2: 6 | J2: 130000 | K2: 1 | L2: 20000 | M2: =IFERROR(H2/G2,0) -> 0.70588235 | N2: =IFERROR(G2/F2,0) -> 5.6666667 | O2: =IFERROR(I2/H2,0) -> 0.5 | P2: =IFERROR(E2/G2,0) -> 83544.769 | Q2: =IFERROR(J2*12/E2,0) -> 1.0983896
A3: 46023 | B3: 1899-0219 | C3: SPOTV | D3: 식사지원 지영이 | E3: 248120.3 | F3: 6 | G3: 4 | H3: 3 | M3: =IFERROR(H3/G3,0) -> 0.75 | N3: =IFERROR(G3/F3,0) -> 0.66666667 | O3: =IFERROR(I3/H3,0) -> 0 | P3: =IFERROR(E3/G3,0) -> 62030.075 | Q3: =IFERROR(J3*12/E3,0) -> 0
A4: 46023 | B4: 1899-0519 | C4: SPOTV2 | D4: 난방비 동하 | E4: 177419.35 | F4: 4 | G4: 1 | H4: 1 | M4: =IFERROR(H4/G4,0) -> 1 | N4: =IFERROR(G4/F4,0) -> 0.25 | O4: =IFERROR(I4/H4,0) -> 0 | P4: =IFERROR(E4/G4,0) -> 177419.35 | Q4: =IFERROR(J4*12/E4,0) -> 0
A5: 46023 | B5: 1899-0325 | C5: SPOTV G&H (SVC) | D5: 식사지원 지영이 | E5: 0 | F5: 5 | G5: 1 | I5: 1 | J5: 20000 | M5: =IFERROR(H5/G5,0) -> 0 | N5: =IFERROR(G5/F5,0) -> 0.2 | O5: =IFERROR(I5/H5,0) -> 0 | P5: =IFERROR(E5/G5,0) -> 0 | Q5: =IFERROR(J5*12/E5,0) -> 0
A6: 46023 | B6: 1899-7319 | C6: JTBC4 | D6: 은영이 셀럽 | E6: 184256 | F6: 5 | G6: 2 | H6: 1 | I6: - | J6: - | K6: - | L6: - | M6: =IFERROR(H6/G6,0) -> 0.5 | N6: =IFERROR(G6/F6,0) -> 0.4 | O6: =IFERROR(I6/H6,0) -> 0 | P6: =IFERROR(E6/G6,0) -> 92128 | Q6: =IFERROR(J6*12/E6,0) -> 0
A7: 46023 | B7: 1899-0762 | C7: JTBC4 | D7: 식사지원 은영이 ver2 | E7: 331660 | F7: 9 | G7: 2 | H7: 2 | I7: - | J7: - | K7: 1 | L7: 20000 | M7: =IFERROR(H7/G7,0) -> 1 | N7: =IFERROR(G7/F7,0) -> 0.22222222 | O7: =IFERROR(I7/H7,0) -> 0 | P7: =IFERROR(E7/G7,0) -> 165830 | Q7: =IFERROR(J7*12/E7,0) -> 0
A8: 46023 | B8: 1899-7318 | C8: JTBC4 | D8: 가족돌봄 지수 | E8: 331660 | F8: 9 | G8: - | H8: - | I8: - | J8: - | K8: - | L8: - | M8: =IFERROR(H8/G8,0) -> 0 | N8: =IFERROR(G8/F8,0) -> 0 | O8: =IFERROR(I8/H8,0) -> 0 | P8: =IFERROR(E8/G8,0) -> 0 | Q8: =IFERROR(J8*12/E8,0) -> 0
A9: 46023 | B9: 1899-7316 | C9: JTBC4 | D9: 식사지원 준우_셰프 | E9: 184256 | F9: 5 | G9: 1 | H9: 1 | I9: - | J9: - | K9: - | L9: - | M9: =IFERROR(H9/G9,0) -> 1 | N9: =IFERROR(G9/F9,0) -> 0.2 | O9: =IFERROR(I9/H9,0) -> 0 | P9: =IFERROR(E9/G9,0) -> 184256 | Q9: =IFERROR(J9*12/E9,0) -> 0
A10: 46023 | B10: 1899-2887 | C10: JTBC4 | D10: 식사지원 준우_메인 | E10: 184256 | F10: 5 | G10: 2 | H10: 2 | I10: 1 | J10: 25000 | K10: - | L10: - | M10: =IFERROR(H10/G10,0) -> 1 | N10: =IFERROR(G10/F10,0) -> 0.4 | O10: =IFERROR(I10/H10,0) -> 0.5 | P10: =IFERROR(E10/G10,0) -> 92128 | Q10: =IFERROR(J10*12/E10,0) -> 1.6281695
A11: 46023 | B11: 1899-0795 | C11: JTBC4 | D11: 식사지원 준우_아동 | E11: 184256 | F11: 5 | G11: - | H11: - | I11: - | J11: - | K11: - | L11: - | M11: =IFERROR(H11/G11,0) -> 0 | N11: =IFERROR(G11/F11,0) -> 0 | O11: =IFERROR(I11/H11,0) -> 0 | P11: =IFERROR(E11/G11,0) -> 0 | Q11: =IFERROR(J11*12/E11,0) -> 0
A12: 46023 | B12: 1899-3569 | C12: JTBC4 | D12: 식사지원 준우_할머니 | E12: 184256 | F12: 5 | G12: - | H12: - | I12: - | J12: - | K12: - | L12: - | M12: =IFERROR(H12/G12,0) -> 0 | N12: =IFERROR(G12/F12,0) -> 0 | O12: =IFERROR(I12/H12,0) -> 0 | P12: =IFERROR(E12/G12,0) -> 0 | Q12: =IFERROR(J12*12/E12,0) -> 0
A13: 46023 | B13: 1899-7325 | C13: JTBC4 | D13: 난방비 동하 | E13: 147405 | F13: 4 | G13: 4 | H13: 3 | I13: 3 | J13: 55000 | K13: - | L13: - | M13: =IFERROR(H13/G13,0) -> 0.75 | N13: =IFERROR(G13/F13,0) -> 1 | O13: =IFERROR(I13/H13,0) -> 1 | P13: =IFERROR(E13/G13,0) -> 36851.25 | Q13: =IFERROR(J13*12/E13,0) -> 4.4774601
A14: 46023 | B14: 1899-7326 | C14: JTBC2 (SVC) | D14: 난방비 동하 | E14: 0 | F14: 1 | G14: 1 | H14: 1 | K14: 1 | L14: 20000 | M14: =IFERROR(H14/G14,0) -> 1 | N14: =IFERROR(G14/F14,0) -> 1 | O14: =IFERROR(I14/H14,0) -> 0 | P14: =IFERROR(E14/G14,0) -> 0 | Q14: =IFERROR(J14*12/E14,0) -> 0
A15: 46023 | B15: 1899-0217 | C15: 빌리어즈TV | D15: 식사지원 은영이_콜문구 | E15: 285714.29 | F15: 4 | M15: =IFERROR(H15/G15,0) -> 0 | N15: =IFERROR(G15/F15,0) -> 0 | O15: =IFERROR(I15/H15,0) -> 0 | P15: =IFERROR(E15/G15,0) -> 0 | Q15: =IFERROR(J15*12/E15,0) -> 0
A16: 46023 | B16: 1899-0263 | C16: 바둑TV | D16: 식사지원 지영이 | E16: 122222.22 | F16: 4 | M16: =IFERROR(H16/G16,0) -> 0 | N16: =IFERROR(G16/F16,0) -> 0 | O16: =IFERROR(I16/H16,0) -> 0 | P16: =IFERROR(E16/G16,0) -> 0 | Q16: =IFERROR(J16*12/E16,0) -> 0
A17: 46023 | B17: 1899-0739 | C17: CNTV | D17: 난방비 동하 | E17: 206250 | F17: 3 | M17: =IFERROR(H17/G17,0) -> 0 | N17: =IFERROR(G17/F17,0) -> 0 | O17: =IFERROR(I17/H17,0) -> 0 | P17: =IFERROR(E17/G17,0) -> 0 | Q17: =IFERROR(J17*12/E17,0) -> 0
A18: 46023 | B18: 1899-0776 | C18: 라이프타임 | D18: 가족돌봄 지수ver2 | E18: 187234.04 | F18: 4 | G18: 3 | H18: 3 | I18: 2 | J18: 40000 | M18: =IFERROR(H18/G18,0) -> 1 | N18: =IFERROR(G18/F18,0) -> 0.75 | O18: =IFERROR(I18/H18,0) -> 0.66666667 | P18: =IFERROR(E18/G18,0) -> 62411.348 | Q18: =IFERROR(J18*12/E18,0) -> 2.5636364
A19: 46023 | B19: 1899-7314 | C19: 히스토리 (SVC) | D19: 식사지원 지영이 | E19: 0 | F19: 7 | M19: =IFERROR(H19/G19,0) -> 0 | N19: =IFERROR(G19/F19,0) -> 0 | O19: =IFERROR(I19/H19,0) -> 0 | P19: =IFERROR(E19/G19,0) -> 0 | Q19: =IFERROR(J19*12/E19,0) -> 0
A20: 46023 | B20: 1899-5186 | C20: 시네마천국 | D20: 식사지원 지영이 | E20: 283870.97 | F20: 9 | G20: 1 | H20: 1 | I20: 1 | J20: 20000 | M20: =IFERROR(H20/G20,0) -> 1 | N20: =IFERROR(G20/F20,0) -> 0.11111111 | O20: =IFERROR(I20/H20,0) -> 1 | P20: =IFERROR(E20/G20,0) -> 283870.97 | Q20: =IFERROR(J20*12/E20,0) -> 0.84545455
A21: 46023 | B21: 1899-3854 | C21: 채널J | D21: 식사지원 은영이ver2 | E21: 225409.84 | F21: 4 | G21: 1 | H21: 1 | I21: 1 | J21: 20000 | M21: =IFERROR(H21/G21,0) -> 1 | N21: =IFERROR(G21/F21,0) -> 0.25 | O21: =IFERROR(I21/H21,0) -> 1 | P21: =IFERROR(E21/G21,0) -> 225409.84 | Q21: =IFERROR(J21*12/E21,0) -> 1.0647273
A22: 46023 | B22: 1899-7317 | C22: 애니원, 애니박스 (SVC) | D22: 식사지원 은영이ver2 | E22: 0 | F22: 8 | M22: =IFERROR(H22/G22,0) -> 0 | N22: =IFERROR(G22/F22,0) -> 0 | O22: =IFERROR(I22/H22,0) -> 0 | P22: =IFERROR(E22/G22,0) -> 0 | Q22: =IFERROR(J22*12/E22,0) -> 0
A23: 46023 | B23: 1899-7315 | C23: 중화TV | D23: 식사지원 은영이_콜문구 | E23: 528846.15 | F23: 4 | G23: 1 | H23: 1 | K23: 1 | L23: 120000 | M23: =IFERROR(H23/G23,0) -> 1 | N23: =IFERROR(G23/F23,0) -> 0.25 | O23: =IFERROR(I23/H23,0) -> 0 | P23: =IFERROR(E23/G23,0) -> 528846.15 | Q23: =IFERROR(J23*12/E23,0) -> 0
A24: 46023 | B24: - | C24: 기타 TV채널 | D24: - | E24: 0 | F24: 0 | I24: 1 | J24: 30000 | M24: =IFERROR(H24/G24,0) -> 0 | N24: =IFERROR(G24/F24,0) -> 0 | O24: =IFERROR(I24/H24,0) -> 0 | P24: =IFERROR(E24/G24,0) -> 0 | Q24: =IFERROR(J24*12/E24,0) -> 0
A25: 46023 | B25: 2102-4590 | C25: 발신 | D25: - | E25: 0 | F25: 0 | G25: 2 | H25: 1 | M25: =IFERROR(H25/G25,0) -> 0.5 | N25: =IFERROR(G25/F25,0) -> 0 | O25: =IFERROR(I25/H25,0) -> 0 | P25: =IFERROR(E25/G25,0) -> 0 | Q25: =IFERROR(J25*12/E25,0) -> 0
A26: 46024 | B26: 1899-0218 | C26: EBS | D26: 식사지원 은영이ver2 | E26: 2032065.8 | F26: 4 | G26: 12 | H26: 7 | I26: 2 | J26: 30000 | K26: 2 | L26: 70000 | M26: =IFERROR(H26/G26,0) -> 0.58333333 | N26: =IFERROR(G26/F26,0) -> 3 | O26: =IFERROR(I26/H26,0) -> 0.28571429 | P26: =IFERROR(E26/G26,0) -> 169338.82 | Q26: =IFERROR(J26*12/E26,0) -> 0.17715961
A27: 46024 | B27: 1899-0219 | C27: SPOTV | D27: 식사지원 지영이 | E27: 165413.53 | F27: 4 | M27: =IFERROR(H27/G27,0) -> 0 | N27: =IFERROR(G27/F27,0) -> 0 | O27: =IFERROR(I27/H27,0) -> 0 | P27: =IFERROR(E27/G27,0) -> 0 | Q27: =IFERROR(J27*12/E27,0) -> 0
A28: 46024 | B28: 1899-0519 | C28: SPOTV2 | D28: 난방비 동하 | E28: 177419.35 | F28: 4 | M28: =IFERROR(H28/G28,0) -> 0 | N28: =IFERROR(G28/F28,0) -> 0 | O28: =IFERROR(I28/H28,0) -> 0 | P28: =IFERROR(E28/G28,0) -> 0 | Q28: =IFERROR(J28*12/E28,0) -> 0
A29: 46024 | B29: 1899-0325 | C29: SPOTV G&H (SVC) | D29: 식사지원 지영이 | E29: 0 | F29: 5 | M29: =IFERROR(H29/G29,0) -> 0 | N29: =IFERROR(G29/F29,0) -> 0 | O29: =IFERROR(I29/H29,0) -> 0 | P29: =IFERROR(E29/G29,0) -> 0 | Q29: =IFERROR(J29*12/E29,0) -> 0
A30: 46024 | B30: 1899-7319 | C30: JTBC4 | D30: 은영이 셀럽 | E30: 154541 | F30: 4 | G30: 2 | H30: 2 | I30: 1 | J30: 20000 | K30: - | L30: - | M30: =IFERROR(H30/G30,0) -> 1 | N30: =IFERROR(G30/F30,0) -> 0.5 | O30: =IFERROR(I30/H30,0) -> 0.5 | P30: =IFERROR(E30/G30,0) -> 77270.5 | Q30: =IFERROR(J30*12/E30,0) -> 1.5529859
A31: 46024 | B31: 1899-0762 | C31: JTBC4 | D31: 식사지원 은영이 ver2 | E31: 347715 | F31: 9 | G31: 2 | H31: 1 | I31: - | J31: - | K31: - | L31: - | M31: =IFERROR(H31/G31,0) -> 0.5 | N31: =IFERROR(G31/F31,0) -> 0.22222222 | O31: =IFERROR(I31/H31,0) -> 0 | P31: =IFERROR(E31/G31,0) -> 173857.5 | Q31: =IFERROR(J31*12/E31,0) -> 0
A32: 46024 | B32: 1899-7318 | C32: JTBC4 | D32: 가족돌봄 지수 | E32: 347715 | F32: 9 | G32: 8 | H32: 7 | I32: 3 | J32: 65000 | K32: - | L32: - | M32: =IFERROR(H32/G32,0) -> 0.875 | N32: =IFERROR(G32/F32,0) -> 0.88888889 | O32: =IFERROR(I32/H32,0) -> 0.42857143 | P32: =IFERROR(E32/G32,0) -> 43464.375 | Q32: =IFERROR(J32*12/E32,0) -> 2.2432164
A33: 46024 | B33: 1899-7316 | C33: JTBC4 | D33: 식사지원 준우_셰프 | E33: 154541 | F33: 4 | G33: 2 | H33: 2 | I33: 2 | J33: 50000 | K33: - | L33: - | M33: =IFERROR(H33/G33,0) -> 1 | N33: =IFERROR(G33/F33,0) -> 0.5 | O33: =IFERROR(I33/H33,0) -> 1 | P33: =IFERROR(E33/G33,0) -> 77270.5 | Q33: =IFERROR(J33*12/E33,0) -> 3.8824648
A34: 46024 | B34: 1899-2887 | C34: JTBC4 | D34: 식사지원 준우_메인 | E34: 154541 | F34: 4 | G34: - | H34: - | I34: - | J34: - | K34: - | L34: - | M34: =IFERROR(H34/G34,0) -> 0 | N34: =IFERROR(G34/F34,0) -> 0 | O34: =IFERROR(I34/H34,0) -> 0 | P34: =IFERROR(E34/G34,0) -> 0 | Q34: =IFERROR(J34*12/E34,0) -> 0
A35: 46024 | B35: 1899-0795 | C35: JTBC4 | D35: 식사지원 준우_아동 | E35: 154541 | F35: 4 | G35: 3 | H35: 2 | I35: - | J35: - | K35: 1 | L35: 100000 | M35: =IFERROR(H35/G35,0) -> 0.66666667 | N35: =IFERROR(G35/F35,0) -> 0.75 | O35: =IFERROR(I35/H35,0) -> 0 | P35: =IFERROR(E35/G35,0) -> 51513.667 | Q35: =IFERROR(J35*12/E35,0) -> 0
A36: 46024 | B36: 1899-3569 | C36: JTBC4 | D36: 식사지원 준우_할머니 | E36: 154541 | F36: 4 | G36: 1 | H36: - | I36: 1 | J36: 25000 | K36: - | L36: - | M36: =IFERROR(H36/G36,0) -> 0 | N36: =IFERROR(G36/F36,0) -> 0.25 | O36: =IFERROR(I36/H36,0) -> 0 | P36: =IFERROR(E36/G36,0) -> 154541 | Q36: =IFERROR(J36*12/E36,0) -> 1.9412324
A37: 46024 | B37: 1899-7325 | C37: JTBC4 | D37: 난방비 동하 | E37: 193176 | F37: 5 | G37: 1 | H37: 1 | I37: 1 | J37: 20000 | K37: - | L37: - | M37: =IFERROR(H37/G37,0) -> 1 | N37: =IFERROR(G37/F37,0) -> 0.2 | O37: =IFERROR(I37/H37,0) -> 1 | P37: =IFERROR(E37/G37,0) -> 193176 | Q37: =IFERROR(J37*12/E37,0) -> 1.2423904
A38: 46024 | B38: 1899-7326 | C38: JTBC2 (SVC) | D38: 난방비 동하 | E38: 0 | F38: 1 | G38: 1 | H38: 1 | I38: 1 | J38: 25000 | M38: =IFERROR(H38/G38,0) -> 1 | N38: =IFERROR(G38/F38,0) -> 1 | O38: =IFERROR(I38/H38,0) -> 1 | P38: =IFERROR(E38/G38,0) -> 0 | Q38: =IFERROR(J38*12/E38,0) -> 0
A39: 46024 | B39: 1899-0217 | C39: 빌리어즈TV | D39: 식사지원 은영이_콜문구 | E39: 285714.29 | F39: 4 | G39: 2 | H39: 2 | I39: 1 | J39: 20000 | M39: =IFERROR(H39/G39,0) -> 1 | N39: =IFERROR(G39/F39,0) -> 0.5 | O39: =IFERROR(I39/H39,0) -> 0.5 | P39: =IFERROR(E39/G39,0) -> 142857.14 | Q39: =IFERROR(J39*12/E39,0) -> 0.84
A40: 46024 | B40: 1899-0263 | C40: 바둑TV | D40: 식사지원 지영이 | E40: 229166.67 | F40: 6 | G40: 2 | H40: 1 | I40: 1 | J40: 30000 | M40: =IFERROR(H40/G40,0) -> 0.5 | N40: =IFERROR(G40/F40,0) -> 0.33333333 | O40: =IFERROR(I40/H40,0) -> 1 | P40: =IFERROR(E40/G40,0) -> 114583.33 | Q40: =IFERROR(J40*12/E40,0) -> 1.5709091
A41: 46024 | B41: 1899-0739 | C41: CNTV | D41: 난방비 동하 | E41: 206250 | F41: 3 | G41: 2 | M41: =IFERROR(H41/G41,0) -> 0 | N41: =IFERROR(G41/F41,0) -> 0.66666667 | O41: =IFERROR(I41/H41,0) -> 0 | P41: =IFERROR(E41/G41,0) -> 103125 | Q41: =IFERROR(J41*12/E41,0) -> 0
A42: 46024 | B42: 1899-0776 | C42: 라이프타임 | D42: 가족돌봄 지수ver2 | E42: 195035.46 | F42: 4 | G42: 1 | H42: 1 | M42: =IFERROR(H42/G42,0) -> 1 | N42: =IFERROR(G42/F42,0) -> 0.25 | O42: =IFERROR(I42/H42,0) -> 0 | P42: =IFERROR(E42/G42,0) -> 195035.46 | Q42: =IFERROR(J42*12/E42,0) -> 0
A43: 46024 | B43: 1899-7314 | C43: 히스토리 (SVC) | D43: 식사지원 지영이 | E43: 0 | F43: 7 | M43: =IFERROR(H43/G43,0) -> 0 | N43: =IFERROR(G43/F43,0) -> 0 | O43: =IFERROR(I43/H43,0) -> 0 | P43: =IFERROR(E43/G43,0) -> 0 | Q43: =IFERROR(J43*12/E43,0) -> 0
A44: 46024 | B44: 1899-5186 | C44: 시네마천국 | D44: 식사지원 지영이 | E44: 283870.97 | F44: 9 | G44: 2 | H44: 1 | K44: 1 | L44: 500000 | M44: =IFERROR(H44/G44,0) -> 0.5 | N44: =IFERROR(G44/F44,0) -> 0.22222222 | O44: =IFERROR(I44/H44,0) -> 0 | P44: =IFERROR(E44/G44,0) -> 141935.48 | Q44: =IFERROR(J44*12/E44,0) -> 0
A45: 46024 | B45: 1899-3854 | C45: 채널J | D45: 식사지원 은영이ver2 | E45: 225409.84 | F45: 4 | M45: =IFERROR(H45/G45,0) -> 0 | N45: =IFERROR(G45/F45,0) -> 0 | O45: =IFERROR(I45/H45,0) -> 0 | P45: =IFERROR(E45/G45,0) -> 0 | Q45: =IFERROR(J45*12/E45,0) -> 0
A46: 46024 | B46: 1899-7317 | C46: 애니원, 애니박스 (SVC) | D46: 식사지원 은영이ver2 | E46: 0 | F46: 8 | M46: =IFERROR(H46/G46,0) -> 0 | N46: =IFERROR(G46/F46,0) -> 0 | O46: =IFERROR(I46/H46,0) -> 0 | P46: =IFERROR(E46/G46,0) -> 0 | Q46: =IFERROR(J46*12/E46,0) -> 0
A47: 46024 | B47: 1899-7315 | C47: 중화TV | D47: 식사지원 은영이_콜문구 | E47: 528846.15 | F47: 4 | G47: 1 | H47: 1 | I47: 1 | J47: 20000 | M47: =IFERROR(H47/G47,0) -> 1 | N47: =IFERROR(G47/F47,0) -> 0.25 | O47: =IFERROR(I47/H47,0) -> 1 | P47: =IFERROR(E47/G47,0) -> 528846.15 | Q47: =IFERROR(J47*12/E47,0) -> 0.45381818
A48: 46024 | B48: - | C48: 기타 TV채널 | D48: - | E48: 0 | F48: 0 | M48: =IFERROR(H48/G48,0) -> 0 | N48: =IFERROR(G48/F48,0) -> 0 | O48: =IFERROR(I48/H48,0) -> 0 | P48: =IFERROR(E48/G48,0) -> 0 | Q48: =IFERROR(J48*12/E48,0) -> 0
A49: 46024 | B49: 2102-4590 | C49: 발신 | D49: - | E49: 0 | F49: 0 | G49: 8 | H49: 4 | M49: =IFERROR(H49/G49,0) -> 0.5 | N49: =IFERROR(G49/F49,0) -> 0 | O49: =IFERROR(I49/H49,0) -> 0 | P49: =IFERROR(E49/G49,0) -> 0 | Q49: =IFERROR(J49*12/E49,0) -> 0
A50: 46025 | B50: 1899-0218 | C50: EBS | D50: 식사지원 은영이ver2 | E50: 611804.77 | F50: 1 | G50: 2 | H50: 1 | I50: 1 | J50: 20000 | M50: =IFERROR(H50/G50,0) -> 0.5 | N50: =IFERROR(G50/F50,0) -> 2 | O50: =IFERROR(I50/H50,0) -> 1 | P50: =IFERROR(E50/G50,0) -> 305902.38 | Q50: =IFERROR(J50*12/E50,0) -> 0.392282
A51: 46025 | B51: 1899-0219 | C51: SPOTV | D51: 식사지원 지영이 | E51: 124060.15 | F51: 3 | G51: 2 | H51: 1 | M51: =IFERROR(H51/G51,0) -> 0.5 | N51: =IFERROR(G51/F51,0) -> 0.66666667 | O51: =IFERROR(I51/H51,0) -> 0 | P51: =IFERROR(E51/G51,0) -> 62030.075 | Q51: =IFERROR(J51*12/E51,0) -> 0
A52: 46025 | B52: 1899-0519 | C52: SPOTV2 | D52: 난방비 동하 | E52: 177419.35 | F52: 4 | M52: =IFERROR(H52/G52,0) -> 0 | N52: =IFERROR(G52/F52,0) -> 0 | O52: =IFERROR(I52/H52,0) -> 0 | P52: =IFERROR(E52/G52,0) -> 0 | Q52: =IFERROR(J52*12/E52,0) -> 0
A53: 46025 | B53: 1899-0325 | C53: SPOTV G&H (SVC) | D53: 식사지원 지영이 | E53: 0 | F53: 5 | M53: =IFERROR(H53/G53,0) -> 0 | N53: =IFERROR(G53/F53,0) -> 0 | O53: =IFERROR(I53/H53,0) -> 0 | P53: =IFERROR(E53/G53,0) -> 0 | Q53: =IFERROR(J53*12/E53,0) -> 0
A54: 46025 | B54: 1899-7319 | C54: JTBC4 | D54: 은영이 셀럽 | E54: 215370 | F54: 5 | G54: 1 | H54: 1 | I54: 1 | J54: 20000 | K54: - | L54: - | M54: =IFERROR(H54/G54,0) -> 1 | N54: =IFERROR(G54/F54,0) -> 0.2 | O54: =IFERROR(I54/H54,0) -> 1 | P54: =IFERROR(E54/G54,0) -> 215370 | Q54: =IFERROR(J54*12/E54,0) -> 1.1143613
A55: 46025 | B55: 1899-0762 | C55: JTBC4 | D55: 식사지원 은영이 ver2 | E55: 387667 | F55: 9 | G55: 1 | H55: 1 | I55: 1 | J55: 20000 | K55: - | L55: - | M55: =IFERROR(H55/G55,0) -> 1 | N55: =IFERROR(G55/F55,0) -> 0.11111111 | O55: =IFERROR(I55/H55,0) -> 1 | P55: =IFERROR(E55/G55,0) -> 387667 | Q55: =IFERROR(J55*12/E55,0) -> 0.61908803
A56: 46025 | B56: 1899-7318 | C56: JTBC4 | D56: 가족돌봄 지수 | E56: 387667 | F56: 9 | G56: 3 | H56: 2 | I56: 1 | J56: 20000 | K56: 1 | L56: 30000 | M56: =IFERROR(H56/G56,0) -> 0.66666667 | N56: =IFERROR(G56/F56,0) -> 0.33333333 | O56: =IFERROR(I56/H56,0) -> 0.5 | P56: =IFERROR(E56/G56,0) -> 129222.33 | Q56: =IFERROR(J56*12/E56,0) -> 0.61908803
A57: 46025 | B57: 1899-7316 | C57: JTBC4 | D57: 식사지원 준우_셰프 | E57: 172296 | F57: 4 | G57: - | H57: - | I57: - | J57: - | K57: - | L57: - | M57: =IFERROR(H57/G57,0) -> 0 | N57: =IFERROR(G57/F57,0) -> 0 | O57: =IFERROR(I57/H57,0) -> 0 | P57: =IFERROR(E57/G57,0) -> 0 | Q57: =IFERROR(J57*12/E57,0) -> 0
A58: 46025 | B58: 1899-2887 | C58: JTBC4 | D58: 식사지원 준우_메인 | E58: 172296 | F58: 4 | G58: 7 | H58: 5 | I58: 5 | J58: 110000 | K58: 1 | L58: 20000 | M58: =IFERROR(H58/G58,0) -> 0.71428571 | N58: =IFERROR(G58/F58,0) -> 1.75 | O58: =IFERROR(I58/H58,0) -> 1 | P58: =IFERROR(E58/G58,0) -> 24613.714 | Q58: =IFERROR(J58*12/E58,0) -> 7.6612342
A59: 46025 | B59: 1899-0795 | C59: JTBC4 | D59: 식사지원 준우_아동 | E59: 172296 | F59: 4 | G59: 1 | H59: 1 | I59: 1 | J59: 20000 | K59: - | L59: - | M59: =IFERROR(H59/G59,0) -> 1 | N59: =IFERROR(G59/F59,0) -> 0.25 | O59: =IFERROR(I59/H59,0) -> 1 | P59: =IFERROR(E59/G59,0) -> 172296 | Q59: =IFERROR(J59*12/E59,0) -> 1.3929517
A60: 46025 | B60: 1899-3569 | C60: JTBC4 | D60: 식사지원 준우_할머니 | E60: 172296 | F60: 4 | G60: - | H60: - | I60: - | J60: - | K60: - | L60: - | M60: =IFERROR(H60/G60,0) -> 0 | N60: =IFERROR(G60/F60,0) -> 0 | O60: =IFERROR(I60/H60,0) -> 0 | P60: =IFERROR(E60/G60,0) -> 0 | Q60: =IFERROR(J60*12/E60,0) -> 0
A61: 46025 | B61: 1899-7325 | C61: JTBC4 | D61: 난방비 동하 | E61: 172296 | F61: 4 | G61: - | H61: - | I61: - | J61: - | K61: - | L61: - | M61: =IFERROR(H61/G61,0) -> 0 | N61: =IFERROR(G61/F61,0) -> 0 | O61: =IFERROR(I61/H61,0) -> 0 | P61: =IFERROR(E61/G61,0) -> 0 | Q61: =IFERROR(J61*12/E61,0) -> 0
A62: 46025 | B62: 1899-7326 | C62: JTBC2 (SVC) | D62: 난방비 동하 | E62: 0 | F62: 2 | G62: 1 | H62: 1 | I62: 1 | J62: 20000 | M62: =IFERROR(H62/G62,0) -> 1 | N62: =IFERROR(G62/F62,0) -> 0.5 | O62: =IFERROR(I62/H62,0) -> 1 | P62: =IFERROR(E62/G62,0) -> 0 | Q62: =IFERROR(J62*12/E62,0) -> 0
A63: 46025 | B63: 1899-0217 | C63: 빌리어즈TV | D63: 식사지원 은영이_콜문구 | E63: 285714.29 | F63: 2 | G63: 2 | H63: 1 | I63: 1 | J63: 30000 | M63: =IFERROR(H63/G63,0) -> 0.5 | N63: =IFERROR(G63/F63,0) -> 1 | O63: =IFERROR(I63/H63,0) -> 1 | P63: =IFERROR(E63/G63,0) -> 142857.14 | Q63: =IFERROR(J63*12/E63,0) -> 1.26
A64: 46025 | B64: 1899-0263 | C64: 바둑TV | D64: 식사지원 지영이 | E64: 195555.56 | F64: 6 | M64: =IFERROR(H64/G64,0) -> 0 | N64: =IFERROR(G64/F64,0) -> 0 | O64: =IFERROR(I64/H64,0) -> 0 | P64: =IFERROR(E64/G64,0) -> 0 | Q64: =IFERROR(J64*12/E64,0) -> 0
A65: 46025 | B65: 1899-0739 | C65: CNTV | D65: 난방비 동하 | E65: 137500 | F65: 2 | G65: 2 | H65: 1 | M65: =IFERROR(H65/G65,0) -> 0.5 | N65: =IFERROR(G65/F65,0) -> 1 | O65: =IFERROR(I65/H65,0) -> 0 | P65: =IFERROR(E65/G65,0) -> 68750 | Q65: =IFERROR(J65*12/E65,0) -> 0
A66: 46025 | B66: 1899-0776 | C66: 라이프타임 | D66: 가족돌봄 지수ver2 | E66: 187234.04 | F66: 4 | M66: =IFERROR(H66/G66,0) -> 0 | N66: =IFERROR(G66/F66,0) -> 0 | O66: =IFERROR(I66/H66,0) -> 0 | P66: =IFERROR(E66/G66,0) -> 0 | Q66: =IFERROR(J66*12/E66,0) -> 0
A67: 46025 | B67: 1899-7314 | C67: 히스토리 (SVC) | D67: 식사지원 지영이 | E67: 0 | F67: 6 | M67: =IFERROR(H67/G67,0) -> 0 | N67: =IFERROR(G67/F67,0) -> 0 | O67: =IFERROR(I67/H67,0) -> 0 | P67: =IFERROR(E67/G67,0) -> 0 | Q67: =IFERROR(J67*12/E67,0) -> 0
A68: 46025 | B68: 1899-5186 | C68: 시네마천국 | D68: 식사지원 지영이 | E68: 283870.97 | F68: 9 | G68: 2 | H68: 1 | I68: 1 | J68: 30000 | M68: =IFERROR(H68/G68,0) -> 0.5 | N68: =IFERROR(G68/F68,0) -> 0.22222222 | O68: =IFERROR(I68/H68,0) -> 1 | P68: =IFERROR(E68/G68,0) -> 141935.48 | Q68: =IFERROR(J68*12/E68,0) -> 1.2681818
A69: 46025 | B69: 1899-3854 | C69: 채널J | D69: 난방비 동하 | E69: 123975.41 | F69: 3 | M69: =IFERROR(H69/G69,0) -> 0 | N69: =IFERROR(G69/F69,0) -> 0 | O69: =IFERROR(I69/H69,0) -> 0 | P69: =IFERROR(E69/G69,0) -> 0 | Q69: =IFERROR(J69*12/E69,0) -> 0
A70: 46025 | B70: 1899-7317 | C70: 애니원, 애니박스 (SVC) | D70: 식사지원 은영이ver2 | E70: 0 | F70: 6 | M70: =IFERROR(H70/G70,0) -> 0 | N70: =IFERROR(G70/F70,0) -> 0 | O70: =IFERROR(I70/H70,0) -> 0 | P70: =IFERROR(E70/G70,0) -> 0 | Q70: =IFERROR(J70*12/E70,0) -> 0
A71: 46025 | B71: 1899-7315 | C71: 중화TV | D71: 식사지원 은영이_콜문구 | E71: 423076.92 | F71: 4 | G71: 1 | H71: 1 | I71: 1 | J71: 20000 | M71: =IFERROR(H71/G71,0) -> 1 | N71: =IFERROR(G71/F71,0) -> 0.25 | O71: =IFERROR(I71/H71,0) -> 1 | P71: =IFERROR(E71/G71,0) -> 423076.92 | Q71: =IFERROR(J71*12/E71,0) -> 0.56727273
A72: 46025 | B72: - | C72: 기타 TV채널 | D72: - | E72: 0 | F72: 0 | M72: =IFERROR(H72/G72,0) -> 0 | N72: =IFERROR(G72/F72,0) -> 0 | O72: =IFERROR(I72/H72,0) -> 0 | P72: =IFERROR(E72/G72,0) -> 0 | Q72: =IFERROR(J72*12/E72,0) -> 0
A73: 46025 | B73: 2102-4590 | C73: 발신 | D73: - | E73: 0 | F73: 0 | M73: =IFERROR(H73/G73,0) -> 0 | N73: =IFERROR(G73/F73,0) -> 0 | O73: =IFERROR(I73/H73,0) -> 0 | P73: =IFERROR(E73/G73,0) -> 0 | Q73: =IFERROR(J73*12/E73,0) -> 0
A74: 46026 | B74: 1899-0218 | C74: EBS | D74: 식사지원 은영이ver2 | E74: 808456.3 | F74: 2 | G74: 1 | H74: 1 | M74: =IFERROR(H74/G74,0) -> 1 | N74: =IFERROR(G74/F74,0) -> 0.5 | O74: =IFERROR(I74/H74,0) -> 0 | P74: =IFERROR(E74/G74,0) -> 808456.3 | Q74: =IFERROR(J74*12/E74,0) -> 0
A75: 46026 | B75: 1899-0219 | C75: SPOTV | D75: 식사지원 지영이 | E75: 124060.15 | F75: 3 | M75: =IFERROR(H75/G75,0) -> 0 | N75: =IFERROR(G75/F75,0) -> 0 | O75: =IFERROR(I75/H75,0) -> 0 | P75: =IFERROR(E75/G75,0) -> 0 | Q75: =IFERROR(J75*12/E75,0) -> 0
A76: 46026 | B76: 1899-0519 | C76: SPOTV2 | D76: 난방비 동하 | E76: 177419.35 | F76: 4 | M76: =IFERROR(H76/G76,0) -> 0 | N76: =IFERROR(G76/F76,0) -> 0 | O76: =IFERROR(I76/H76,0) -> 0 | P76: =IFERROR(E76/G76,0) -> 0 | Q76: =IFERROR(J76*12/E76,0) -> 0
A77: 46026 | B77: 1899-0325 | C77: SPOTV G&H (SVC) | D77: 식사지원 지영이 | E77: 0 | F77: 5 | M77: =IFERROR(H77/G77,0) -> 0 | N77: =IFERROR(G77/F77,0) -> 0 | O77: =IFERROR(I77/H77,0) -> 0 | P77: =IFERROR(E77/G77,0) -> 0 | Q77: =IFERROR(J77*12/E77,0) -> 0
A78: 46026 | B78: 1899-7319 | C78: JTBC4 | D78: 은영이 셀럽 | E78: 209777 | F78: 5 | G78: 2 | H78: 2 | I78: 2 | J78: 40000 | K78: - | L78: - | M78: =IFERROR(H78/G78,0) -> 1 | N78: =IFERROR(G78/F78,0) -> 0.4 | O78: =IFERROR(I78/H78,0) -> 1 | P78: =IFERROR(E78/G78,0) -> 104888.5 | Q78: =IFERROR(J78*12/E78,0) -> 2.2881441
A79: 46026 | B79: 1899-0762 | C79: JTBC4 | D79: 식사지원 은영이 ver2 | E79: 377599 | F79: 9 | G79: - | H79: - | I79: 1 | J79: 20000 | K79: - | L79: - | M79: =IFERROR(H79/G79,0) -> 0 | N79: =IFERROR(G79/F79,0) -> 0 | O79: =IFERROR(I79/H79,0) -> 0 | P79: =IFERROR(E79/G79,0) -> 0 | Q79: =IFERROR(J79*12/E79,0) -> 0.6355949
A80: 46026 | B80: 1899-7318 | C80: JTBC4 | D80: 가족돌봄 지수 | E80: 377599 | F80: 9 | G80: 2 | H80: 2 | I80: 1 | J80: 20000 | K80: - | L80: - | M80: =IFERROR(H80/G80,0) -> 1 | N80: =IFERROR(G80/F80,0) -> 0.22222222 | O80: =IFERROR(I80/H80,0) -> 0.5 | P80: =IFERROR(E80/G80,0) -> 188799.5 | Q80: =IFERROR(J80*12/E80,0) -> 0.6355949
A81: 46026 | B81: 1899-7316 | C81: JTBC4 | D81: 식사지원 준우_셰프 | E81: 167822 | F81: 4 | G81: 1 | H81: 1 | I81: 1 | J81: 10000 | K81: - | L81: - | M81: =IFERROR(H81/G81,0) -> 1 | N81: =IFERROR(G81/F81,0) -> 0.25 | O81: =IFERROR(I81/H81,0) -> 1 | P81: =IFERROR(E81/G81,0) -> 167822 | Q81: =IFERROR(J81*12/E81,0) -> 0.71504332
A82: 46026 | B82: 1899-2887 | C82: JTBC4 | D82: 식사지원 준우_메인 | E82: 209777 | F82: 5 | G82: 1 | H82: 1 | I82: - | J82: - | K82: - | L82: - | M82: =IFERROR(H82/G82,0) -> 1 | N82: =IFERROR(G82/F82,0) -> 0.2 | O82: =IFERROR(I82/H82,0) -> 0 | P82: =IFERROR(E82/G82,0) -> 209777 | Q82: =IFERROR(J82*12/E82,0) -> 0
A83: 46026 | B83: 1899-0795 | C83: JTBC4 | D83: 식사지원 준우_아동 | E83: 167822 | F83: 4 | G83: - | H83: - | I83: - | J83: - | K83: - | L83: - | M83: =IFERROR(H83/G83,0) -> 0 | N83: =IFERROR(G83/F83,0) -> 0 | O83: =IFERROR(I83/H83,0) -> 0 | P83: =IFERROR(E83/G83,0) -> 0 | Q83: =IFERROR(J83*12/E83,0) -> 0
A84: 46026 | B84: 1899-3569 | C84: JTBC4 | D84: 식사지원 준우_할머니 | E84: 209777 | F84: 5 | G84: - | H84: - | I84: - | J84: - | K84: - | L84: - | M84: =IFERROR(H84/G84,0) -> 0 | N84: =IFERROR(G84/F84,0) -> 0 | O84: =IFERROR(I84/H84,0) -> 0 | P84: =IFERROR(E84/G84,0) -> 0 | Q84: =IFERROR(J84*12/E84,0) -> 0
A85: 46026 | B85: 1899-7325 | C85: JTBC4 | D85: 난방비 동하 | E85: 209777 | F85: 5 | G85: 1 | H85: 1 | I85: 1 | J85: 20000 | K85: - | L85: - | M85: =IFERROR(H85/G85,0) -> 1 | N85: =IFERROR(G85/F85,0) -> 0.2 | O85: =IFERROR(I85/H85,0) -> 1 | P85: =IFERROR(E85/G85,0) -> 209777 | Q85: =IFERROR(J85*12/E85,0) -> 1.144072
A86: 46026 | B86: 1899-7326 | C86: JTBC2 (SVC) | D86: 난방비 동하 | E86: 0 | F86: 2 | M86: =IFERROR(H86/G86,0) -> 0 | N86: =IFERROR(G86/F86,0) -> 0 | O86: =IFERROR(I86/H86,0) -> 0 | P86: =IFERROR(E86/G86,0) -> 0 | Q86: =IFERROR(J86*12/E86,0) -> 0
A87: 46026 | B87: 1899-0217 | C87: 빌리어즈TV | D87: 식사지원 은영이_콜문구 | E87: 428571.43 | F87: 3 | I87: 1 | J87: 25000 | M87: =IFERROR(H87/G87,0) -> 0 | N87: =IFERROR(G87/F87,0) -> 0 | O87: =IFERROR(I87/H87,0) -> 0 | P87: =IFERROR(E87/G87,0) -> 0 | Q87: =IFERROR(J87*12/E87,0) -> 0.7
A88: 46026 | B88: 1899-0263 | C88: 바둑TV | D88: 식사지원 지영이 | E88: 195555.56 | F88: 6 | G88: 2 | H88: 2 | I88: 1 | J88: 30000 | M88: =IFERROR(H88/G88,0) -> 1 | N88: =IFERROR(G88/F88,0) -> 0.33333333 | O88: =IFERROR(I88/H88,0) -> 0.5 | P88: =IFERROR(E88/G88,0) -> 97777.778 | Q88: =IFERROR(J88*12/E88,0) -> 1.8409091
A89: 46026 | B89: 1899-0739 | C89: CNTV | D89: 난방비 동하 | E89: 137500 | F89: 2 | G89: 1 | H89: 1 | K89: 1 | L89: 20000 | M89: =IFERROR(H89/G89,0) -> 1 | N89: =IFERROR(G89/F89,0) -> 0.5 | O89: =IFERROR(I89/H89,0) -> 0 | P89: =IFERROR(E89/G89,0) -> 137500 | Q89: =IFERROR(J89*12/E89,0) -> 0
A90: 46026 | B90: 1899-0776 | C90: 라이프타임 | D90: 가족돌봄 지수ver2 | E90: 163829.79 | F90: 4 | M90: =IFERROR(H90/G90,0) -> 0 | N90: =IFERROR(G90/F90,0) -> 0 | O90: =IFERROR(I90/H90,0) -> 0 | P90: =IFERROR(E90/G90,0) -> 0 | Q90: =IFERROR(J90*12/E90,0) -> 0
A91: 46026 | B91: 1899-7314 | C91: 히스토리 (SVC) | D91: 식사지원 지영이 | E91: 0 | F91: 6 | M91: =IFERROR(H91/G91,0) -> 0 | N91: =IFERROR(G91/F91,0) -> 0 | O91: =IFERROR(I91/H91,0) -> 0 | P91: =IFERROR(E91/G91,0) -> 0 | Q91: =IFERROR(J91*12/E91,0) -> 0
A92: 46026 | B92: 1899-5186 | C92: 시네마천국 | D92: 식사지원 지영이 | E92: 283870.97 | F92: 9 | M92: =IFERROR(H92/G92,0) -> 0 | N92: =IFERROR(G92/F92,0) -> 0 | O92: =IFERROR(I92/H92,0) -> 0 | P92: =IFERROR(E92/G92,0) -> 0 | Q92: =IFERROR(J92*12/E92,0) -> 0
A93: 46026 | B93: 1899-3854 | C93: 채널J | D93: 난방비 동하 | E93: 123975.41 | F93: 3 | M93: =IFERROR(H93/G93,0) -> 0 | N93: =IFERROR(G93/F93,0) -> 0 | O93: =IFERROR(I93/H93,0) -> 0 | P93: =IFERROR(E93/G93,0) -> 0 | Q93: =IFERROR(J93*12/E93,0) -> 0
A94: 46026 | B94: 1899-7317 | C94: 애니원, 애니박스 (SVC) | D94: 식사지원 은영이ver2 | E94: 0 | F94: 3 | M94: =IFERROR(H94/G94,0) -> 0 | N94: =IFERROR(G94/F94,0) -> 0 | O94: =IFERROR(I94/H94,0) -> 0 | P94: =IFERROR(E94/G94,0) -> 0 | Q94: =IFERROR(J94*12/E94,0) -> 0
A95: 46026 | B95: 1899-7315 | C95: 중화TV | D95: 식사지원 은영이_콜문구 | E95: 423076.92 | F95: 4 | M95: =IFERROR(H95/G95,0) -> 0 | N95: =IFERROR(G95/F95,0) -> 0 | O95: =IFERROR(I95/H95,0) -> 0 | P95: =IFERROR(E95/G95,0) -> 0 | Q95: =IFERROR(J95*12/E95,0) -> 0
A96: 46026 | B96: - | C96: 기타 TV채널 | D96: - | E96: 0 | F96: 0 | M96: =IFERROR(H96/G96,0) -> 0 | N96: =IFERROR(G96/F96,0) -> 0 | O96: =IFERROR(I96/H96,0) -> 0 | P96: =IFERROR(E96/G96,0) -> 0 | Q96: =IFERROR(J96*12/E96,0) -> 0
A97: 46026 | B97: 2102-4590 | C97: 발신 | D97: - | E97: 0 | F97: 0 | M97: =IFERROR(H97/G97,0) -> 0 | N97: =IFERROR(G97/F97,0) -> 0 | O97: =IFERROR(I97/H97,0) -> 0 | P97: =IFERROR(E97/G97,0) -> 0 | Q97: =IFERROR(J97*12/E97,0) -> 0
A98: 46027 | B98: 1899-0218 | C98: EBS | D98: 식사지원 은영이ver2 | E98: 1420261.1 | F98: 3 | G98: 14 | H98: 8 | I98: 5 | J98: 125000 | M98: =IFERROR(H98/G98,0) -> 0.57142857 | N98: =IFERROR(G98/F98,0) -> 4.6666667 | O98: =IFERROR(I98/H98,0) -> 0.625 | P98: =IFERROR(E98/G98,0) -> 101447.22 | Q98: =IFERROR(J98*12/E98,0) -> 1.0561439
A99: 46027 | B99: 1899-0219 | C99: SPOTV | D99: 식사지원 지영이 | E99: 165413.53 | F99: 4 | G99: 3 | H99: 3 | K99: 2 | L99: 40000 | M99: =IFERROR(H99/G99,0) -> 1 | N99: =IFERROR(G99/F99,0) -> 0.75 | O99: =IFERROR(I99/H99,0) -> 0 | P99: =IFERROR(E99/G99,0) -> 55137.845 | Q99: =IFERROR(J99*12/E99,0) -> 0
A100: 46027 | B100: 1899-0519 | C100: SPOTV2 | D100: 난방비 동하 | E100: 177419.35 | F100: 4 | M100: =IFERROR(H100/G100,0) -> 0 | N100: =IFERROR(G100/F100,0) -> 0 | O100: =IFERROR(I100/H100,0) -> 0 | P100: =IFERROR(E100/G100,0) -> 0 | Q100: =IFERROR(J100*12/E100,0) -> 0
...

Sheet Sheet1
B4: 46023 | C4: =SUMIFS(DAILY!$G$2:$G$685,DAILY!$C$2:$C$685,"JTBC4",DAILY!$A$2:$A$685,B4) -> 11 | J4: 11 | M4: =C4-J4 -> 0
B5: 46024 | C5: =SUMIFS(DAILY!$G$2:$G$685,DAILY!$C$2:$C$685,"JTBC4",DAILY!$A$2:$A$685,B5) -> 19 | J5: 19 | M5: =C5-J5 -> 0
B6: 46025 | C6: =SUMIFS(DAILY!$G$2:$G$685,DAILY!$C$2:$C$685,"JTBC4",DAILY!$A$2:$A$685,B6) -> 13 | J6: 13 | M6: =C6-J6 -> 0
B7: 46026 | C7: =SUMIFS(DAILY!$G$2:$G$685,DAILY!$C$2:$C$685,"JTBC4",DAILY!$A$2:$A$685,B7) -> 7 | J7: 7 | M7: =C7-J7 -> 0
B8: 46027 | C8: =SUMIFS(DAILY!$G$2:$G$685,DAILY!$C$2:$C$685,"JTBC4",DAILY!$A$2:$A$685,B8) -> 17 | J8: 17 | M8: =C8-J8 -> 0
B9: 46028 | C9: =SUMIFS(DAILY!$G$2:$G$685,DAILY!$C$2:$C$685,"JTBC4",DAILY!$A$2:$A$685,B9) -> 15 | J9: 15 | M9: =C9-J9 -> 0
B10: 46029 | C10: =SUMIFS(DAILY!$G$2:$G$685,DAILY!$C$2:$C$685,"JTBC4",DAILY!$A$2:$A$685,B10) -> 12 | J10: 12 | M10: =C10-J10 -> 0
B11: 46030 | C11: =SUMIFS(DAILY!$G$2:$G$685,DAILY!$C$2:$C$685,"JTBC4",DAILY!$A$2:$A$685,B11) -> 9 | J11: 9 | M11: =C11-J11 -> 0
B12: 46031 | C12: =SUMIFS(DAILY!$G$2:$G$685,DAILY!$C$2:$C$685,"JTBC4",DAILY!$A$2:$A$685,B12) -> 9 | J12: 9 | M12: =C12-J12 -> 0
B13: 46032 | C13: =SUMIFS(DAILY!$G$2:$G$685,DAILY!$C$2:$C$685,"JTBC4",DAILY!$A$2:$A$685,B13) -> 15 | J13: 15 | M13: =C13-J13 -> 0
B14: 46033 | C14: =SUMIFS(DAILY!$G$2:$G$685,DAILY!$C$2:$C$685,"JTBC4",DAILY!$A$2:$A$685,B14) -> 16 | J14: 16 | M14: =C14-J14 -> 0
B15: 46034 | C15: =SUMIFS(DAILY!$G$2:$G$685,DAILY!$C$2:$C$685,"JTBC4",DAILY!$A$2:$A$685,B15) -> 9 | J15: 9 | M15: =C15-J15 -> 0
... B34: 46053 | C34: =SUMIFS(DAILY!$G$2:$G$685,DAILY!$C$2:$C$685,"JTBC4",DAILY!$A$2:$A$685,B34) -> 12 | J34: 12 | M34: =C34-J34 -> 0
